id,name,iso3,iso2,numeric_code,phone_code,capital,currency,currency_symbol,tld,native_name,region,subregion,latitude,longitude,emoji,emojiu,created_date,modified_date,created_by,modified_by
1,Afghanistan,AFG,AF,4,93,Kabul,AFN,Ø‹,.af,Ø§ÙØºØ§Ù†Ø³ØªØ§Ù†,Asia,Southern Asia,33,65,ğŸ‡¦ğŸ‡«,U+1F1E6 U+1F1EB,2022-01-21 15:13:37.512394,2022-01-21 15:13:37.512394,administrator,administrator
2,Aland Islands,ALA,AX,248,+358-18,Mariehamn,EUR,â‚¬,.ax,Ã…land,Europe,Northern Europe,60.116667,19.9,ğŸ‡¦ğŸ‡½,U+1F1E6 U+1F1FD,2022-01-21 15:13:37.512391,2022-01-21 15:13:37.512391,administrator,administrator
3,Albania,ALB,AL,8,355,Tirana,ALL,Lek,.al,ShqipÃ«ria,Europe,Southern Europe,41,20,ğŸ‡¦ğŸ‡±,U+1F1E6 U+1F1F1,2022-01-21 15:13:37.512388,2022-01-21 15:13:37.512388,administrator,administrator
4,Algeria,DZA,DZ,12,213,Algiers,DZD,Ø¯Ø¬,.dz,Ø§Ù„Ø¬Ø²Ø§Ø¦Ø±,Africa,Northern Africa,28,3,ğŸ‡©ğŸ‡¿,U+1F1E9 U+1F1FF,2022-01-21 15:13:37.512385,2022-01-21 15:13:37.512385,administrator,administrator
5,American Samoa,ASM,AS,16,+1-684,Pago Pago,USD,$,.as,American Samoa,Oceania,Polynesia,-14.33333333,-170,ğŸ‡¦ğŸ‡¸,U+1F1E6 U+1F1F8,2022-01-21 15:13:37.512383,2022-01-21 15:13:37.512383,administrator,administrator
6,Andorra,AND,AD,20,376,Andorra la Vella,EUR,â‚¬,.ad,Andorra,Europe,Southern Europe,42.5,1.5,ğŸ‡¦ğŸ‡©,U+1F1E6 U+1F1E9,2022-01-21 15:13:37.512380,2022-01-21 15:13:37.512380,administrator,administrator
7,Angola,AGO,AO,24,244,Luanda,AOA,Kz,.ao,Angola,Africa,Middle Africa,-12.5,18.5,ğŸ‡¦ğŸ‡´,U+1F1E6 U+1F1F4,2022-01-21 15:13:37.512377,2022-01-21 15:13:37.512377,administrator,administrator
8,Anguilla,AIA,AI,660,+1-264,The Valley,XCD,$,.ai,Anguilla,Americas,Caribbean,18.25,-63.16666666,ğŸ‡¦ğŸ‡®,U+1F1E6 U+1F1EE,2022-01-21 15:13:37.512364,2022-01-21 15:13:37.512365,administrator,administrator
9,Antarctica,ATA,AQ,10,672,,AAD,$,.aq,Antarctica,Polar,,-74.65,4.48,ğŸ‡¦ğŸ‡¶,U+1F1E6 U+1F1F6,2022-01-21 15:13:37.512362,2022-01-21 15:13:37.512362,administrator,administrator
10,Antigua And Barbuda,ATG,AG,28,+1-268,St. John's,XCD,$,.ag,Antigua and Barbuda,Americas,Caribbean,17.05,-61.8,ğŸ‡¦ğŸ‡¬,U+1F1E6 U+1F1EC,2022-01-21 15:13:37.512357,2022-01-21 15:13:37.512357,administrator,administrator
11,Argentina,ARG,AR,32,54,Buenos Aires,ARS,$,.ar,Argentina,Americas,South America,-34,-64,ğŸ‡¦ğŸ‡·,U+1F1E6 U+1F1F7,2022-01-21 15:13:37.512354,2022-01-21 15:13:37.512354,administrator,administrator
12,Armenia,ARM,AM,51,374,Yerevan,AMD,Ö,.am,Õ€Õ¡ÕµÕ¡Õ½Õ¿Õ¡Õ¶,Asia,Western Asia,40,45,ğŸ‡¦ğŸ‡²,U+1F1E6 U+1F1F2,2022-01-21 15:13:37.512347,2022-01-21 15:13:37.512347,administrator,administrator
13,Aruba,ABW,AW,533,297,Oranjestad,AWG,Æ’,.aw,Aruba,Americas,Caribbean,12.5,-69.96666666,ğŸ‡¦ğŸ‡¼,U+1F1E6 U+1F1FC,2022-01-21 15:13:37.512345,2022-01-21 15:13:37.512345,administrator,administrator
14,Australia,AUS,AU,36,61,Canberra,AUD,$,.au,Australia,Oceania,Australia and New Zealand,-27,133,ğŸ‡¦ğŸ‡º,U+1F1E6 U+1F1FA,2022-01-21 15:13:37.512342,2022-01-21 15:13:37.512342,administrator,administrator
15,Austria,AUT,AT,40,43,Vienna,EUR,â‚¬,.at,Ã–sterreich,Europe,Western Europe,47.33333333,13.33333333,ğŸ‡¦ğŸ‡¹,U+1F1E6 U+1F1F9,2022-01-21 15:13:37.512336,2022-01-21 15:13:37.512336,administrator,administrator
16,Azerbaijan,AZE,AZ,31,994,Baku,AZN,m,.az,AzÉ™rbaycan,Asia,Western Asia,40.5,47.5,ğŸ‡¦ğŸ‡¿,U+1F1E6 U+1F1FF,2022-01-21 15:13:37.512333,2022-01-21 15:13:37.512333,administrator,administrator
17,Bahamas The,BHS,BS,44,+1-242,Nassau,BSD,B$,.bs,Bahamas,Americas,Caribbean,24.25,-76,ğŸ‡§ğŸ‡¸,U+1F1E7 U+1F1F8,2022-01-21 15:13:37.512330,2022-01-21 15:13:37.512331,administrator,administrator
18,Bahrain,BHR,BH,48,973,Manama,BHD,.Ø¯.Ø¨,.bh,â€Ø§Ù„Ø¨Ø­Ø±ÙŠÙ†,Asia,Western Asia,26,50.55,ğŸ‡§ğŸ‡­,U+1F1E7 U+1F1ED,2022-01-21 15:13:37.512328,2022-01-21 15:13:37.512328,administrator,administrator
19,Bangladesh,BGD,BD,50,880,Dhaka,BDT,à§³,.bd,Bangladesh,Asia,Southern Asia,24,90,ğŸ‡§ğŸ‡©,U+1F1E7 U+1F1E9,2022-01-21 15:13:37.512325,2022-01-21 15:13:37.512325,administrator,administrator
20,Barbados,BRB,BB,52,+1-246,Bridgetown,BBD,Bds$,.bb,Barbados,Americas,Caribbean,13.16666666,-59.53333333,ğŸ‡§ğŸ‡§,U+1F1E7 U+1F1E7,2022-01-21 15:13:37.512323,2022-01-21 15:13:37.512323,administrator,administrator
21,Belarus,BLR,BY,112,375,Minsk,BYN,Br,.by,Ğ‘ĞµĞ»Ğ°Ñ€ÑƒÌÑÑŒ,Europe,Eastern Europe,53,28,ğŸ‡§ğŸ‡¾,U+1F1E7 U+1F1FE,2022-01-21 15:13:37.512320,2022-01-21 15:13:37.512320,administrator,administrator
22,Belgium,BEL,BE,56,32,Brussels,EUR,â‚¬,.be,BelgiÃ«,Europe,Western Europe,50.83333333,4,ğŸ‡§ğŸ‡ª,U+1F1E7 U+1F1EA,2022-01-21 15:13:37.512318,2022-01-21 15:13:37.512318,administrator,administrator
23,Belize,BLZ,BZ,84,501,Belmopan,BZD,$,.bz,Belize,Americas,Central America,17.25,-88.75,ğŸ‡§ğŸ‡¿,U+1F1E7 U+1F1FF,2022-01-21 15:13:37.512315,2022-01-21 15:13:37.512315,administrator,administrator
24,Benin,BEN,BJ,204,229,Porto-Novo,XOF,CFA,.bj,BÃ©nin,Africa,Western Africa,9.5,2.25,ğŸ‡§ğŸ‡¯,U+1F1E7 U+1F1EF,2022-01-21 15:13:37.512313,2022-01-21 15:13:37.512313,administrator,administrator
25,Bermuda,BMU,BM,60,+1-441,Hamilton,BMD,$,.bm,Bermuda,Americas,Northern America,32.33333333,-64.75,ğŸ‡§ğŸ‡²,U+1F1E7 U+1F1F2,2022-01-21 15:13:37.512310,2022-01-21 15:13:37.512310,administrator,administrator
26,Bhutan,BTN,BT,64,975,Thimphu,BTN,Nu.,.bt,Ê¼brug-yul,Asia,Southern Asia,27.5,90.5,ğŸ‡§ğŸ‡¹,U+1F1E7 U+1F1F9,2022-01-21 15:13:37.512307,2022-01-21 15:13:37.512307,administrator,administrator
27,Bolivia,BOL,BO,68,591,Sucre,BOB,Bs.,.bo,Bolivia,Americas,South America,-17,-65,ğŸ‡§ğŸ‡´,U+1F1E7 U+1F1F4,2022-01-21 15:13:37.512305,2022-01-21 15:13:37.512305,administrator,administrator
28,Bosnia and Herzegovina,BIH,BA,70,387,Sarajevo,BAM,KM,.ba,Bosna i Hercegovina,Europe,Southern Europe,44,18,ğŸ‡§ğŸ‡¦,U+1F1E7 U+1F1E6,2022-01-21 15:13:37.512299,2022-01-21 15:13:37.512299,administrator,administrator
29,Botswana,BWA,BW,72,267,Gaborone,BWP,P,.bw,Botswana,Africa,Southern Africa,-22,24,ğŸ‡§ğŸ‡¼,U+1F1E7 U+1F1FC,2022-01-21 15:13:37.512296,2022-01-21 15:13:37.512297,administrator,administrator
30,Bouvet Island,BVT,BV,74,55,,NOK,kr,.bv,BouvetÃ¸ya,,,-54.43333333,3.4,ğŸ‡§ğŸ‡»,U+1F1E7 U+1F1FB,2022-01-21 15:13:37.512294,2022-01-21 15:13:37.512294,administrator,administrator
31,Brazil,BRA,BR,76,55,Brasilia,BRL,R$,.br,Brasil,Americas,South America,-10,-55,ğŸ‡§ğŸ‡·,U+1F1E7 U+1F1F7,2022-01-21 15:13:37.512291,2022-01-21 15:13:37.512291,administrator,administrator
32,British Indian Ocean Territory,IOT,IO,86,246,Diego Garcia,USD,$,.io,British Indian Ocean Territory,Africa,Eastern Africa,-6,71.5,ğŸ‡®ğŸ‡´,U+1F1EE U+1F1F4,2022-01-21 15:13:37.512283,2022-01-21 15:13:37.512284,administrator,administrator
33,Brunei,BRN,BN,96,673,Bandar Seri Begawan,BND,B$,.bn,Negara Brunei Darussalam,Asia,South-Eastern Asia,4.5,114.66666666,ğŸ‡§ğŸ‡³,U+1F1E7 U+1F1F3,2022-01-21 15:13:37.512281,2022-01-21 15:13:37.512281,administrator,administrator
34,Bulgaria,BGR,BG,100,359,Sofia,BGN,Ğ›Ğ².,.bg,Ğ‘ÑŠĞ»Ğ³Ğ°Ñ€Ğ¸Ñ,Europe,Eastern Europe,43,25,ğŸ‡§ğŸ‡¬,U+1F1E7 U+1F1EC,2022-01-21 15:13:37.512278,2022-01-21 15:13:37.512278,administrator,administrator
35,Burkina Faso,BFA,BF,854,226,Ouagadougou,XOF,CFA,.bf,Burkina Faso,Africa,Western Africa,13,-2,ğŸ‡§ğŸ‡«,U+1F1E7 U+1F1EB,2022-01-21 15:13:37.512276,2022-01-21 15:13:37.512276,administrator,administrator
36,Burundi,BDI,BI,108,257,Bujumbura,BIF,FBu,.bi,Burundi,Africa,Eastern Africa,-3.5,30,ğŸ‡§ğŸ‡®,U+1F1E7 U+1F1EE,2022-01-21 15:13:37.512273,2022-01-21 15:13:37.512273,administrator,administrator
37,Cambodia,KHM,KH,116,855,Phnom Penh,KHR,KHR,.kh,KÃ¢mpÅ­chÃ©a,Asia,South-Eastern Asia,13,105,ğŸ‡°ğŸ‡­,U+1F1F0 U+1F1ED,2022-01-21 15:13:37.512270,2022-01-21 15:13:37.512270,administrator,administrator
38,Cameroon,CMR,CM,120,237,Yaounde,XAF,FCFA,.cm,Cameroon,Africa,Middle Africa,6,12,ğŸ‡¨ğŸ‡²,U+1F1E8 U+1F1F2,2022-01-21 15:13:37.512267,2022-01-21 15:13:37.512267,administrator,administrator
39,Canada,CAN,CA,124,1,Ottawa,CAD,$,.ca,Canada,Americas,Northern America,60,-95,ğŸ‡¨ğŸ‡¦,U+1F1E8 U+1F1E6,2022-01-21 15:13:37.512264,2022-01-21 15:13:37.512264,administrator,administrator
40,Cape Verde,CPV,CV,132,238,Praia,CVE,$,.cv,Cabo Verde,Africa,Western Africa,16,-24,ğŸ‡¨ğŸ‡»,U+1F1E8 U+1F1FB,2022-01-21 15:13:37.512252,2022-01-21 15:13:37.512253,administrator,administrator
41,Cayman Islands,CYM,KY,136,+1-345,George Town,KYD,$,.ky,Cayman Islands,Americas,Caribbean,19.5,-80.5,ğŸ‡°ğŸ‡¾,U+1F1F0 U+1F1FE,2022-01-21 15:13:37.512250,2022-01-21 15:13:37.512250,administrator,administrator
42,Central African Republic,CAF,CF,140,236,Bangui,XAF,FCFA,.cf,KÃ¶dÃ¶rÃ¶sÃªse tÃ® BÃªafrÃ®ka,Africa,Middle Africa,7,21,ğŸ‡¨ğŸ‡«,U+1F1E8 U+1F1EB,2022-01-21 15:13:37.512247,2022-01-21 15:13:37.512248,administrator,administrator
43,Chad,TCD,TD,148,235,N'Djamena,XAF,FCFA,.td,Tchad,Africa,Middle Africa,15,19,ğŸ‡¹ğŸ‡©,U+1F1F9 U+1F1E9,2022-01-21 15:13:37.512245,2022-01-21 15:13:37.512245,administrator,administrator
44,Chile,CHL,CL,152,56,Santiago,CLP,$,.cl,Chile,Americas,South America,-30,-71,ğŸ‡¨ğŸ‡±,U+1F1E8 U+1F1F1,2022-01-21 15:13:37.512242,2022-01-21 15:13:37.512242,administrator,administrator
45,China,CHN,CN,156,86,Beijing,CNY,Â¥,.cn,ä¸­å›½,Asia,Eastern Asia,35,105,ğŸ‡¨ğŸ‡³,U+1F1E8 U+1F1F3,2022-01-21 15:13:37.512238,2022-01-21 15:13:37.512238,administrator,administrator
46,Christmas Island,CXR,CX,162,61,Flying Fish Cove,AUD,$,.cx,Christmas Island,Oceania,Australia and New Zealand,-10.5,105.66666666,ğŸ‡¨ğŸ‡½,U+1F1E8 U+1F1FD,2022-01-21 15:13:37.512235,2022-01-21 15:13:37.512235,administrator,administrator
47,Cocos (Keeling) Islands,CCK,CC,166,61,West Island,AUD,$,.cc,Cocos (Keeling) Islands,Oceania,Australia and New Zealand,-12.5,96.83333333,ğŸ‡¨ğŸ‡¨,U+1F1E8 U+1F1E8,2022-01-21 15:13:37.512232,2022-01-21 15:13:37.512233,administrator,administrator
48,Colombia,COL,CO,170,57,Bogota,COP,$,.co,Colombia,Americas,South America,4,-72,ğŸ‡¨ğŸ‡´,U+1F1E8 U+1F1F4,2022-01-21 15:13:37.512229,2022-01-21 15:13:37.512229,administrator,administrator
49,Comoros,COM,KM,174,269,Moroni,KMF,CF,.km,Komori,Africa,Eastern Africa,-12.16666666,44.25,ğŸ‡°ğŸ‡²,U+1F1F0 U+1F1F2,2022-01-21 15:13:37.512226,2022-01-21 15:13:37.512226,administrator,administrator
50,Congo,COG,CG,178,242,Brazzaville,XAF,FC,.cg,RÃ©publique du Congo,Africa,Middle Africa,-1,15,ğŸ‡¨ğŸ‡¬,U+1F1E8 U+1F1EC,2022-01-21 15:13:37.512224,2022-01-21 15:13:37.512224,administrator,administrator
51,Democratic Republic of the Congo,COD,CD,180,243,Kinshasa,CDF,FC,.cd,RÃ©publique dÃ©mocratique du Congo,Africa,Middle Africa,0,25,ğŸ‡¨ğŸ‡©,U+1F1E8 U+1F1E9,2022-01-21 15:13:37.512199,2022-01-21 15:13:37.512199,administrator,administrator
52,Cook Islands,COK,CK,184,682,Avarua,NZD,$,.ck,Cook Islands,Oceania,Polynesia,-21.23333333,-159.76666666,ğŸ‡¨ğŸ‡°,U+1F1E8 U+1F1F0,2022-01-21 15:13:37.512221,2022-01-21 15:13:37.512221,administrator,administrator
53,Costa Rica,CRI,CR,188,506,San Jose,CRC,â‚¡,.cr,Costa Rica,Americas,Central America,10,-84,ğŸ‡¨ğŸ‡·,U+1F1E8 U+1F1F7,2022-01-21 15:13:37.512218,2022-01-21 15:13:37.512218,administrator,administrator
54,Cote D'Ivoire (Ivory Coast),CIV,CI,384,225,Yamoussoukro,XOF,CFA,.ci,,Africa,Western Africa,8,-5,ğŸ‡¨ğŸ‡®,U+1F1E8 U+1F1EE,2022-01-21 15:13:37.512216,2022-01-21 15:13:37.512216,administrator,administrator
55,Croatia,HRV,HR,191,385,Zagreb,HRK,kn,.hr,Hrvatska,Europe,Southern Europe,45.16666666,15.5,ğŸ‡­ğŸ‡·,U+1F1ED U+1F1F7,2022-01-21 15:13:37.512213,2022-01-21 15:13:37.512213,administrator,administrator
56,Cuba,CUB,CU,192,53,Havana,CUP,$,.cu,Cuba,Americas,Caribbean,21.5,-80,ğŸ‡¨ğŸ‡º,U+1F1E8 U+1F1FA,2022-01-21 15:13:37.512210,2022-01-21 15:13:37.512210,administrator,administrator
57,Cyprus,CYP,CY,196,357,Nicosia,EUR,â‚¬,.cy,ÎšÏÏ€ÏÎ¿Ï‚,Europe,Southern Europe,35,33,ğŸ‡¨ğŸ‡¾,U+1F1E8 U+1F1FE,2022-01-21 15:13:37.512205,2022-01-21 15:13:37.512205,administrator,administrator
58,Czech Republic,CZE,CZ,203,420,Prague,CZK,KÄ,.cz,ÄŒeskÃ¡ republika,Europe,Eastern Europe,49.75,15.5,ğŸ‡¨ğŸ‡¿,U+1F1E8 U+1F1FF,2022-01-21 15:13:37.512201,2022-01-21 15:13:37.512202,administrator,administrator
59,Denmark,DNK,DK,208,45,Copenhagen,DKK,Kr.,.dk,Danmark,Europe,Northern Europe,56,10,ğŸ‡©ğŸ‡°,U+1F1E9 U+1F1F0,2022-01-21 15:13:37.512196,2022-01-21 15:13:37.512196,administrator,administrator
60,Djibouti,DJI,DJ,262,253,Djibouti,DJF,Fdj,.dj,Djibouti,Africa,Eastern Africa,11.5,43,ğŸ‡©ğŸ‡¯,U+1F1E9 U+1F1EF,2022-01-21 15:13:37.512193,2022-01-21 15:13:37.512193,administrator,administrator
61,Dominica,DMA,DM,212,+1-767,Roseau,XCD,$,.dm,Dominica,Americas,Caribbean,15.41666666,-61.33333333,ğŸ‡©ğŸ‡²,U+1F1E9 U+1F1F2,2022-01-21 15:13:37.512191,2022-01-21 15:13:37.512191,administrator,administrator
62,Dominican Republic,DOM,DO,214,+1-809 and 1-829,Santo Domingo,DOP,$,.do,RepÃºblica Dominicana,Americas,Caribbean,19,-70.66666666,ğŸ‡©ğŸ‡´,U+1F1E9 U+1F1F4,2022-01-21 15:13:37.512188,2022-01-21 15:13:37.512188,administrator,administrator
63,East Timor,TLS,TL,626,670,Dili,USD,$,.tl,Timor-Leste,Asia,South-Eastern Asia,-8.83333333,125.91666666,ğŸ‡¹ğŸ‡±,U+1F1F9 U+1F1F1,2022-01-21 15:13:37.512185,2022-01-21 15:13:37.512186,administrator,administrator
64,Ecuador,ECU,EC,218,593,Quito,USD,$,.ec,Ecuador,Americas,South America,-2,-77.5,ğŸ‡ªğŸ‡¨,U+1F1EA U+1F1E8,2022-01-21 15:13:37.512183,2022-01-21 15:13:37.512183,administrator,administrator
65,Egypt,EGY,EG,818,20,Cairo,EGP,Ø¬.Ù…,.eg,Ù…ØµØ±â€,Africa,Northern Africa,27,30,ğŸ‡ªğŸ‡¬,U+1F1EA U+1F1EC,2022-01-21 15:13:37.512174,2022-01-21 15:13:37.512174,administrator,administrator
66,El Salvador,SLV,SV,222,503,San Salvador,USD,$,.sv,El Salvador,Americas,Central America,13.83333333,-88.91666666,ğŸ‡¸ğŸ‡»,U+1F1F8 U+1F1FB,2022-01-21 15:13:37.512171,2022-01-21 15:13:37.512171,administrator,administrator
67,Equatorial Guinea,GNQ,GQ,226,240,Malabo,XAF,FCFA,.gq,Guinea Ecuatorial,Africa,Middle Africa,2,10,ğŸ‡¬ğŸ‡¶,U+1F1EC U+1F1F6,2022-01-21 15:13:37.512168,2022-01-21 15:13:37.512168,administrator,administrator
68,Eritrea,ERI,ER,232,291,Asmara,ERN,Nfk,.er,áŠ¤áˆ­á‰µáˆ«,Africa,Eastern Africa,15,39,ğŸ‡ªğŸ‡·,U+1F1EA U+1F1F7,2022-01-21 15:13:37.512165,2022-01-21 15:13:37.512166,administrator,administrator
69,Estonia,EST,EE,233,372,Tallinn,EUR,â‚¬,.ee,Eesti,Europe,Northern Europe,59,26,ğŸ‡ªğŸ‡ª,U+1F1EA U+1F1EA,2022-01-21 15:13:37.512162,2022-01-21 15:13:37.512163,administrator,administrator
70,Ethiopia,ETH,ET,231,251,Addis Ababa,ETB,Nkf,.et,áŠ¢á‰µá‹®áŒµá‹«,Africa,Eastern Africa,8,38,ğŸ‡ªğŸ‡¹,U+1F1EA U+1F1F9,2022-01-21 15:13:37.512160,2022-01-21 15:13:37.512160,administrator,administrator
71,Falkland Islands,FLK,FK,238,500,Stanley,FKP,Â£,.fk,Falkland Islands,Americas,South America,-51.75,-59,ğŸ‡«ğŸ‡°,U+1F1EB U+1F1F0,2022-01-21 15:13:37.512157,2022-01-21 15:13:37.512157,administrator,administrator
72,Faroe Islands,FRO,FO,234,298,Torshavn,DKK,Kr.,.fo,FÃ¸royar,Europe,Northern Europe,62,-7,ğŸ‡«ğŸ‡´,U+1F1EB U+1F1F4,2022-01-21 15:13:37.512155,2022-01-21 15:13:37.512155,administrator,administrator
73,Fiji Islands,FJI,FJ,242,679,Suva,FJD,FJ$,.fj,Fiji,Oceania,Melanesia,-18,175,ğŸ‡«ğŸ‡¯,U+1F1EB U+1F1EF,2022-01-21 15:13:37.512152,2022-01-21 15:13:37.512152,administrator,administrator
74,Finland,FIN,FI,246,358,Helsinki,EUR,â‚¬,.fi,Suomi,Europe,Northern Europe,64,26,ğŸ‡«ğŸ‡®,U+1F1EB U+1F1EE,2022-01-21 15:13:37.512149,2022-01-21 15:13:37.512149,administrator,administrator
75,France,FRA,FR,250,33,Paris,EUR,â‚¬,.fr,France,Europe,Western Europe,46,2,ğŸ‡«ğŸ‡·,U+1F1EB U+1F1F7,2022-01-21 15:13:37.512146,2022-01-21 15:13:37.512147,administrator,administrator
76,French Guiana,GUF,GF,254,594,Cayenne,EUR,â‚¬,.gf,Guyane franÃ§aise,Americas,South America,4,-53,ğŸ‡¬ğŸ‡«,U+1F1EC U+1F1EB,2022-01-21 15:13:37.512144,2022-01-21 15:13:37.512144,administrator,administrator
77,French Polynesia,PYF,PF,258,689,Papeete,XPF,â‚£,.pf,PolynÃ©sie franÃ§aise,Oceania,Polynesia,-15,-140,ğŸ‡µğŸ‡«,U+1F1F5 U+1F1EB,2022-01-21 15:13:37.512141,2022-01-21 15:13:37.512141,administrator,administrator
78,French Southern Territories,ATF,TF,260,262,Port-aux-Francais,EUR,â‚¬,.tf,Territoire des Terres australes et antarctiques fr,Africa,Southern Africa,-49.25,69.167,ğŸ‡¹ğŸ‡«,U+1F1F9 U+1F1EB,2022-01-21 15:13:37.512138,2022-01-21 15:13:37.512138,administrator,administrator
79,Gabon,GAB,GA,266,241,Libreville,XAF,FCFA,.ga,Gabon,Africa,Middle Africa,-1,11.75,ğŸ‡¬ğŸ‡¦,U+1F1EC U+1F1E6,2022-01-21 15:13:37.512135,2022-01-21 15:13:37.512135,administrator,administrator
80,Gambia The,GMB,GM,270,220,Banjul,GMD,D,.gm,Gambia,Africa,Western Africa,13.46666666,-16.56666666,ğŸ‡¬ğŸ‡²,U+1F1EC U+1F1F2,2022-01-21 15:13:37.512133,2022-01-21 15:13:37.512133,administrator,administrator
81,Georgia,GEO,GE,268,995,Tbilisi,GEL,áƒš,.ge,áƒ¡áƒáƒ¥áƒáƒ áƒ—áƒ•áƒ”áƒšáƒ,Asia,Western Asia,42,43.5,ğŸ‡¬ğŸ‡ª,U+1F1EC U+1F1EA,2022-01-21 15:13:37.512129,2022-01-21 15:13:37.512130,administrator,administrator
82,Germany,DEU,DE,276,49,Berlin,EUR,â‚¬,.de,Deutschland,Europe,Western Europe,51,9,ğŸ‡©ğŸ‡ª,U+1F1E9 U+1F1EA,2022-01-21 15:13:37.512127,2022-01-21 15:13:37.512127,administrator,administrator
83,Ghana,GHA,GH,288,233,Accra,GHS,GHâ‚µ,.gh,Ghana,Africa,Western Africa,8,-2,ğŸ‡¬ğŸ‡­,U+1F1EC U+1F1ED,2022-01-21 15:13:37.512124,2022-01-21 15:13:37.512124,administrator,administrator
84,Gibraltar,GIB,GI,292,350,Gibraltar,GIP,Â£,.gi,Gibraltar,Europe,Southern Europe,36.13333333,-5.35,ğŸ‡¬ğŸ‡®,U+1F1EC U+1F1EE,2022-01-21 15:13:37.512121,2022-01-21 15:13:37.512121,administrator,administrator
85,Greece,GRC,GR,300,30,Athens,EUR,â‚¬,.gr,Î•Î»Î»Î¬Î´Î±,Europe,Southern Europe,39,22,ğŸ‡¬ğŸ‡·,U+1F1EC U+1F1F7,2022-01-21 15:13:37.512118,2022-01-21 15:13:37.512119,administrator,administrator
86,Greenland,GRL,GL,304,299,Nuuk,DKK,Kr.,.gl,Kalaallit Nunaat,Americas,Northern America,72,-40,ğŸ‡¬ğŸ‡±,U+1F1EC U+1F1F1,2022-01-21 15:13:37.512116,2022-01-21 15:13:37.512116,administrator,administrator
87,Grenada,GRD,GD,308,+1-473,St. George's,XCD,$,.gd,Grenada,Americas,Caribbean,12.11666666,-61.66666666,ğŸ‡¬ğŸ‡©,U+1F1EC U+1F1E9,2022-01-21 15:13:37.512112,2022-01-21 15:13:37.512112,administrator,administrator
88,Guadeloupe,GLP,GP,312,590,Basse-Terre,EUR,â‚¬,.gp,Guadeloupe,Americas,Caribbean,16.25,-61.583333,ğŸ‡¬ğŸ‡µ,U+1F1EC U+1F1F5,2022-01-21 15:13:37.512109,2022-01-21 15:13:37.512109,administrator,administrator
89,Guam,GUM,GU,316,+1-671,Hagatna,USD,$,.gu,Guam,Oceania,Micronesia,13.46666666,144.78333333,ğŸ‡¬ğŸ‡º,U+1F1EC U+1F1FA,2022-01-21 15:13:37.512106,2022-01-21 15:13:37.512107,administrator,administrator
90,Guatemala,GTM,GT,320,502,Guatemala City,GTQ,Q,.gt,Guatemala,Americas,Central America,15.5,-90.25,ğŸ‡¬ğŸ‡¹,U+1F1EC U+1F1F9,2022-01-21 15:13:37.512104,2022-01-21 15:13:37.512104,administrator,administrator
91,Guernsey and Alderney,GGY,GG,831,+44-1481,St Peter Port,GBP,Â£,.gg,Guernsey,Europe,Northern Europe,49.46666666,-2.58333333,ğŸ‡¬ğŸ‡¬,U+1F1EC U+1F1EC,2022-01-21 15:13:37.512101,2022-01-21 15:13:37.512101,administrator,administrator
92,Guinea,GIN,GN,324,224,Conakry,GNF,FG,.gn,GuinÃ©e,Africa,Western Africa,11,-10,ğŸ‡¬ğŸ‡³,U+1F1EC U+1F1F3,2022-01-21 15:13:37.512099,2022-01-21 15:13:37.512099,administrator,administrator
93,Guinea-Bissau,GNB,GW,624,245,Bissau,XOF,CFA,.gw,GuinÃ©-Bissau,Africa,Western Africa,12,-15,ğŸ‡¬ğŸ‡¼,U+1F1EC U+1F1FC,2022-01-21 15:13:37.512096,2022-01-21 15:13:37.512096,administrator,administrator
94,Guyana,GUY,GY,328,592,Georgetown,GYD,$,.gy,Guyana,Americas,South America,5,-59,ğŸ‡¬ğŸ‡¾,U+1F1EC U+1F1FE,2022-01-21 15:13:37.512093,2022-01-21 15:13:37.512093,administrator,administrator
95,Haiti,HTI,HT,332,509,Port-au-Prince,HTG,G,.ht,HaÃ¯ti,Americas,Caribbean,19,-72.41666666,ğŸ‡­ğŸ‡¹,U+1F1ED U+1F1F9,2022-01-21 15:13:37.512090,2022-01-21 15:13:37.512090,administrator,administrator
96,Heard Island and McDonald Islands,HMD,HM,334,672,,AUD,$,.hm,Heard Island and McDonald Islands,,,-53.1,72.51666666,ğŸ‡­ğŸ‡²,U+1F1ED U+1F1F2,2022-01-21 15:13:37.512087,2022-01-21 15:13:37.512088,administrator,administrator
97,Honduras,HND,HN,340,504,Tegucigalpa,HNL,L,.hn,Honduras,Americas,Central America,15,-86.5,ğŸ‡­ğŸ‡³,U+1F1ED U+1F1F3,2022-01-21 15:13:37.512084,2022-01-21 15:13:37.512084,administrator,administrator
98,Hong Kong S.A.R.,HKG,HK,344,852,Hong Kong,HKD,$,.hk,é¦™æ¸¯,Asia,Eastern Asia,22.25,114.16666666,ğŸ‡­ğŸ‡°,U+1F1ED U+1F1F0,2022-01-21 15:13:37.512082,2022-01-21 15:13:37.512082,administrator,administrator
99,Hungary,HUN,HU,348,36,Budapest,HUF,Ft,.hu,MagyarorszÃ¡g,Europe,Eastern Europe,47,20,ğŸ‡­ğŸ‡º,U+1F1ED U+1F1FA,2022-01-21 15:13:37.512079,2022-01-21 15:13:37.512079,administrator,administrator
100,Iceland,ISL,IS,352,354,Reykjavik,ISK,kr,.is,Ãsland,Europe,Northern Europe,65,-18,ğŸ‡®ğŸ‡¸,U+1F1EE U+1F1F8,2022-01-21 15:13:37.512076,2022-01-21 15:13:37.512076,administrator,administrator
101,India,IND,IN,356,91,New Delhi,INR,â‚¹,.in,à¤­à¤¾à¤°à¤¤,Asia,Southern Asia,20,77,ğŸ‡®ğŸ‡³,U+1F1EE U+1F1F3,2022-01-21 15:13:37.512074,2022-01-21 15:13:37.512074,administrator,administrator
102,Indonesia,IDN,ID,360,62,Jakarta,IDR,Rp,.id,Indonesia,Asia,South-Eastern Asia,-5,120,ğŸ‡®ğŸ‡©,U+1F1EE U+1F1E9,2022-01-21 15:13:37.512071,2022-01-21 15:13:37.512071,administrator,administrator
103,Iran,IRN,IR,364,98,Tehran,IRR,ï·¼,.ir,Ø§ÛŒØ±Ø§Ù†,Asia,Southern Asia,32,53,ğŸ‡®ğŸ‡·,U+1F1EE U+1F1F7,2022-01-21 15:13:37.512067,2022-01-21 15:13:37.512067,administrator,administrator
104,Iraq,IRQ,IQ,368,964,Baghdad,IQD,Ø¯.Ø¹,.iq,Ø§Ù„Ø¹Ø±Ø§Ù‚,Asia,Western Asia,33,44,ğŸ‡®ğŸ‡¶,U+1F1EE U+1F1F6,2022-01-21 15:13:37.512064,2022-01-21 15:13:37.512065,administrator,administrator
105,Ireland,IRL,IE,372,353,Dublin,EUR,â‚¬,.ie,Ã‰ire,Europe,Northern Europe,53,-8,ğŸ‡®ğŸ‡ª,U+1F1EE U+1F1EA,2022-01-21 15:13:37.512062,2022-01-21 15:13:37.512062,administrator,administrator
106,Israel,ISR,IL,376,972,Jerusalem,ILS,â‚ª,.il,×™Ö´×©Ö°×‚×¨Ö¸×Öµ×œ,Asia,Western Asia,31.5,34.75,ğŸ‡®ğŸ‡±,U+1F1EE U+1F1F1,2022-01-21 15:13:37.512059,2022-01-21 15:13:37.512060,administrator,administrator
107,Italy,ITA,IT,380,39,Rome,EUR,â‚¬,.it,Italia,Europe,Southern Europe,42.83333333,12.83333333,ğŸ‡®ğŸ‡¹,U+1F1EE U+1F1F9,2022-01-21 15:13:37.512057,2022-01-21 15:13:37.512057,administrator,administrator
108,Jamaica,JAM,JM,388,+1-876,Kingston,JMD,J$,.jm,Jamaica,Americas,Caribbean,18.25,-77.5,ğŸ‡¯ğŸ‡²,U+1F1EF U+1F1F2,2022-01-21 15:13:37.512054,2022-01-21 15:13:37.512054,administrator,administrator
109,Japan,JPN,JP,392,81,Tokyo,JPY,Â¥,.jp,æ—¥æœ¬,Asia,Eastern Asia,36,138,ğŸ‡¯ğŸ‡µ,U+1F1EF U+1F1F5,2022-01-21 15:13:37.512051,2022-01-21 15:13:37.512052,administrator,administrator
110,Jersey,JEY,JE,832,+44-1534,Saint Helier,GBP,Â£,.je,Jersey,Europe,Northern Europe,49.25,-2.16666666,ğŸ‡¯ğŸ‡ª,U+1F1EF U+1F1EA,2022-01-21 15:13:37.512049,2022-01-21 15:13:37.512049,administrator,administrator
111,Jordan,JOR,JO,400,962,Amman,JOD,Ø§.Ø¯,.jo,Ø§Ù„Ø£Ø±Ø¯Ù†,Asia,Western Asia,31,36,ğŸ‡¯ğŸ‡´,U+1F1EF U+1F1F4,2022-01-21 15:13:37.512046,2022-01-21 15:13:37.512046,administrator,administrator
112,Kazakhstan,KAZ,KZ,398,7,Astana,KZT,Ğ»Ğ²,.kz,ÒšĞ°Ğ·Ğ°Ò›ÑÑ‚Ğ°Ğ½,Asia,Central Asia,48,68,ğŸ‡°ğŸ‡¿,U+1F1F0 U+1F1FF,2022-01-21 15:13:37.512043,2022-01-21 15:13:37.512043,administrator,administrator
113,Kenya,KEN,KE,404,254,Nairobi,KES,KSh,.ke,Kenya,Africa,Eastern Africa,1,38,ğŸ‡°ğŸ‡ª,U+1F1F0 U+1F1EA,2022-01-21 15:13:37.512038,2022-01-21 15:13:37.512038,administrator,administrator
114,Kiribati,KIR,KI,296,686,Tarawa,AUD,$,.ki,Kiribati,Oceania,Micronesia,1.41666666,173,ğŸ‡°ğŸ‡®,U+1F1F0 U+1F1EE,2022-01-21 15:13:37.512036,2022-01-21 15:13:37.512036,administrator,administrator
115,North Korea,PRK,KP,408,850,Pyongyang,KPW,â‚©,.kp,ë¶í•œ,Asia,Eastern Asia,40,127,ğŸ‡°ğŸ‡µ,U+1F1F0 U+1F1F5,2022-01-21 15:13:37.511874,2022-01-21 15:13:37.511875,administrator,administrator
116,South Korea,KOR,KR,410,82,Seoul,KRW,â‚©,.kr,ëŒ€í•œë¯¼êµ­,Asia,Eastern Asia,37,127.5,ğŸ‡°ğŸ‡·,U+1F1F0 U+1F1F7,2022-01-21 15:13:37.511741,2022-01-21 15:13:37.511741,administrator,administrator
117,Kuwait,KWT,KW,414,965,Kuwait City,KWD,Ùƒ.Ø¯,.kw,Ø§Ù„ÙƒÙˆÙŠØª,Asia,Western Asia,29.5,45.75,ğŸ‡°ğŸ‡¼,U+1F1F0 U+1F1FC,2022-01-21 15:13:37.512029,2022-01-21 15:13:37.512029,administrator,administrator
118,Kyrgyzstan,KGZ,KG,417,996,Bishkek,KGS,Ğ»Ğ²,.kg,ĞšÑ‹Ñ€Ğ³Ñ‹Ğ·ÑÑ‚Ğ°Ğ½,Asia,Central Asia,41,75,ğŸ‡°ğŸ‡¬,U+1F1F0 U+1F1EC,2022-01-21 15:13:37.512027,2022-01-21 15:13:37.512027,administrator,administrator
119,Laos,LAO,LA,418,856,Vientiane,LAK,â‚­,.la,àºªàº›àº›àº¥àº²àº§,Asia,South-Eastern Asia,18,105,ğŸ‡±ğŸ‡¦,U+1F1F1 U+1F1E6,2022-01-21 15:13:37.512024,2022-01-21 15:13:37.512024,administrator,administrator
120,Latvia,LVA,LV,428,371,Riga,EUR,â‚¬,.lv,Latvija,Europe,Northern Europe,57,25,ğŸ‡±ğŸ‡»,U+1F1F1 U+1F1FB,2022-01-21 15:13:37.512021,2022-01-21 15:13:37.512021,administrator,administrator
121,Lebanon,LBN,LB,422,961,Beirut,LBP,Â£,.lb,Ù„Ø¨Ù†Ø§Ù†,Asia,Western Asia,33.83333333,35.83333333,ğŸ‡±ğŸ‡§,U+1F1F1 U+1F1E7,2022-01-21 15:13:37.512019,2022-01-21 15:13:37.512019,administrator,administrator
122,Lesotho,LSO,LS,426,266,Maseru,LSL,L,.ls,Lesotho,Africa,Southern Africa,-29.5,28.5,ğŸ‡±ğŸ‡¸,U+1F1F1 U+1F1F8,2022-01-21 15:13:37.512016,2022-01-21 15:13:37.512016,administrator,administrator
123,Liberia,LBR,LR,430,231,Monrovia,LRD,$,.lr,Liberia,Africa,Western Africa,6.5,-9.5,ğŸ‡±ğŸ‡·,U+1F1F1 U+1F1F7,2022-01-21 15:13:37.512012,2022-01-21 15:13:37.512013,administrator,administrator
124,Libya,LBY,LY,434,218,Tripolis,LYD,Ø¯.Ù„,.ly,â€Ù„ÙŠØ¨ÙŠØ§,Africa,Northern Africa,25,17,ğŸ‡±ğŸ‡¾,U+1F1F1 U+1F1FE,2022-01-21 15:13:37.512010,2022-01-21 15:13:37.512010,administrator,administrator
125,Liechtenstein,LIE,LI,438,423,Vaduz,CHF,CHf,.li,Liechtenstein,Europe,Western Europe,47.26666666,9.53333333,ğŸ‡±ğŸ‡®,U+1F1F1 U+1F1EE,2022-01-21 15:13:37.512007,2022-01-21 15:13:37.512007,administrator,administrator
126,Lithuania,LTU,LT,440,370,Vilnius,EUR,â‚¬,.lt,Lietuva,Europe,Northern Europe,56,24,ğŸ‡±ğŸ‡¹,U+1F1F1 U+1F1F9,2022-01-21 15:13:37.512004,2022-01-21 15:13:37.512004,administrator,administrator
127,Luxembourg,LUX,LU,442,352,Luxembourg,EUR,â‚¬,.lu,Luxembourg,Europe,Western Europe,49.75,6.16666666,ğŸ‡±ğŸ‡º,U+1F1F1 U+1F1FA,2022-01-21 15:13:37.512001,2022-01-21 15:13:37.512002,administrator,administrator
128,Macau S.A.R.,MAC,MO,446,853,Macao,MOP,$,.mo,æ¾³é–€,Asia,Eastern Asia,22.16666666,113.55,ğŸ‡²ğŸ‡´,U+1F1F2 U+1F1F4,2022-01-21 15:13:37.511999,2022-01-21 15:13:37.511999,administrator,administrator
129,Macedonia,MKD,MK,807,389,Skopje,MKD,Ğ´ĞµĞ½,.mk,Ğ¡ĞµĞ²ĞµÑ€Ğ½Ğ° ĞœĞ°ĞºĞµĞ´Ğ¾Ğ½Ğ¸Ñ˜Ğ°,Europe,Southern Europe,41.83333333,22,ğŸ‡²ğŸ‡°,U+1F1F2 U+1F1F0,2022-01-21 15:13:37.511996,2022-01-21 15:13:37.511996,administrator,administrator
130,Madagascar,MDG,MG,450,261,Antananarivo,MGA,Ar,.mg,Madagasikara,Africa,Eastern Africa,-20,47,ğŸ‡²ğŸ‡¬,U+1F1F2 U+1F1EC,2022-01-21 15:13:37.511993,2022-01-21 15:13:37.511993,administrator,administrator
131,Malawi,MWI,MW,454,265,Lilongwe,MWK,MK,.mw,Malawi,Africa,Eastern Africa,-13.5,34,ğŸ‡²ğŸ‡¼,U+1F1F2 U+1F1FC,2022-01-21 15:13:37.511990,2022-01-21 15:13:37.511991,administrator,administrator
132,Malaysia,MYS,MY,458,60,Kuala Lumpur,MYR,RM,.my,Malaysia,Asia,South-Eastern Asia,2.5,112.5,ğŸ‡²ğŸ‡¾,U+1F1F2 U+1F1FE,2022-01-21 15:13:37.511988,2022-01-21 15:13:37.511988,administrator,administrator
133,Maldives,MDV,MV,462,960,Male,MVR,Rf,.mv,Maldives,Asia,Southern Asia,3.25,73,ğŸ‡²ğŸ‡»,U+1F1F2 U+1F1FB,2022-01-21 15:13:37.511985,2022-01-21 15:13:37.511985,administrator,administrator
134,Mali,MLI,ML,466,223,Bamako,XOF,CFA,.ml,Mali,Africa,Western Africa,17,-4,ğŸ‡²ğŸ‡±,U+1F1F2 U+1F1F1,2022-01-21 15:13:37.511982,2022-01-21 15:13:37.511982,administrator,administrator
135,Malta,MLT,MT,470,356,Valletta,EUR,â‚¬,.mt,Malta,Europe,Southern Europe,35.83333333,14.58333333,ğŸ‡²ğŸ‡¹,U+1F1F2 U+1F1F9,2022-01-21 15:13:37.511979,2022-01-21 15:13:37.511979,administrator,administrator
136,Man (Isle of),IMN,IM,833,+44-1624,"Douglas, Isle of Man",GBP,Â£,.im,Isle of Man,Europe,Northern Europe,54.25,-4.5,ğŸ‡®ğŸ‡²,U+1F1EE U+1F1F2,2022-01-21 15:13:37.511977,2022-01-21 15:13:37.511977,administrator,administrator
137,Marshall Islands,MHL,MH,584,692,Majuro,USD,$,.mh,MÌ§ajeÄ¼,Oceania,Micronesia,9,168,ğŸ‡²ğŸ‡­,U+1F1F2 U+1F1ED,2022-01-21 15:13:37.511974,2022-01-21 15:13:37.511974,administrator,administrator
138,Martinique,MTQ,MQ,474,596,Fort-de-France,EUR,â‚¬,.mq,Martinique,Americas,Caribbean,14.666667,-61,ğŸ‡²ğŸ‡¶,U+1F1F2 U+1F1F6,2022-01-21 15:13:37.511971,2022-01-21 15:13:37.511971,administrator,administrator
139,Mauritania,MRT,MR,478,222,Nouakchott,MRO,MRU,.mr,Ù…ÙˆØ±ÙŠØªØ§Ù†ÙŠØ§,Africa,Western Africa,20,-12,ğŸ‡²ğŸ‡·,U+1F1F2 U+1F1F7,2022-01-21 15:13:37.511968,2022-01-21 15:13:37.511968,administrator,administrator
140,Mauritius,MUS,MU,480,230,Port Louis,MUR,â‚¨,.mu,Maurice,Africa,Eastern Africa,-20.28333333,57.55,ğŸ‡²ğŸ‡º,U+1F1F2 U+1F1FA,2022-01-21 15:13:37.511965,2022-01-21 15:13:37.511966,administrator,administrator
141,Mayotte,MYT,YT,175,262,Mamoudzou,EUR,â‚¬,.yt,Mayotte,Africa,Eastern Africa,-12.83333333,45.16666666,ğŸ‡¾ğŸ‡¹,U+1F1FE U+1F1F9,2022-01-21 15:13:37.511963,2022-01-21 15:13:37.511963,administrator,administrator
142,Mexico,MEX,MX,484,52,Mexico City,MXN,$,.mx,MÃ©xico,Americas,Central America,23,-102,ğŸ‡²ğŸ‡½,U+1F1F2 U+1F1FD,2022-01-21 15:13:37.511960,2022-01-21 15:13:37.511960,administrator,administrator
143,Micronesia,FSM,FM,583,691,Palikir,USD,$,.fm,Micronesia,Oceania,Micronesia,6.91666666,158.25,ğŸ‡«ğŸ‡²,U+1F1EB U+1F1F2,2022-01-21 15:13:37.511945,2022-01-21 15:13:37.511945,administrator,administrator
144,Moldova,MDA,MD,498,373,Chisinau,MDL,L,.md,Moldova,Europe,Eastern Europe,47,29,ğŸ‡²ğŸ‡©,U+1F1F2 U+1F1E9,2022-01-21 15:13:37.511942,2022-01-21 15:13:37.511942,administrator,administrator
145,Monaco,MCO,MC,492,377,Monaco,EUR,â‚¬,.mc,Monaco,Europe,Western Europe,43.73333333,7.4,ğŸ‡²ğŸ‡¨,U+1F1F2 U+1F1E8,2022-01-21 15:13:37.511939,2022-01-21 15:13:37.511939,administrator,administrator
146,Mongolia,MNG,MN,496,976,Ulan Bator,MNT,â‚®,.mn,ĞœĞ¾Ğ½Ğ³Ğ¾Ğ» ÑƒĞ»Ñ,Asia,Eastern Asia,46,105,ğŸ‡²ğŸ‡³,U+1F1F2 U+1F1F3,2022-01-21 15:13:37.511936,2022-01-21 15:13:37.511936,administrator,administrator
147,Montenegro,MNE,ME,499,382,Podgorica,EUR,â‚¬,.me,Ğ¦Ñ€Ğ½Ğ° Ğ“Ğ¾Ñ€Ğ°,Europe,Southern Europe,42.5,19.3,ğŸ‡²ğŸ‡ª,U+1F1F2 U+1F1EA,2022-01-21 15:13:37.511933,2022-01-21 15:13:37.511933,administrator,administrator
148,Montserrat,MSR,MS,500,+1-664,Plymouth,XCD,$,.ms,Montserrat,Americas,Caribbean,16.75,-62.2,ğŸ‡²ğŸ‡¸,U+1F1F2 U+1F1F8,2022-01-21 15:13:37.511930,2022-01-21 15:13:37.511930,administrator,administrator
149,Morocco,MAR,MA,504,212,Rabat,MAD,DH,.ma,Ø§Ù„Ù…ØºØ±Ø¨,Africa,Northern Africa,32,-5,ğŸ‡²ğŸ‡¦,U+1F1F2 U+1F1E6,2022-01-21 15:13:37.511928,2022-01-21 15:13:37.511928,administrator,administrator
150,Mozambique,MOZ,MZ,508,258,Maputo,MZN,MT,.mz,MoÃ§ambique,Africa,Eastern Africa,-18.25,35,ğŸ‡²ğŸ‡¿,U+1F1F2 U+1F1FF,2022-01-21 15:13:37.511925,2022-01-21 15:13:37.511925,administrator,administrator
151,Myanmar,MMR,MM,104,95,Nay Pyi Taw,MMK,K,.mm,á€™á€¼á€”á€ºá€™á€¬,Asia,South-Eastern Asia,22,98,ğŸ‡²ğŸ‡²,U+1F1F2 U+1F1F2,2022-01-21 15:13:37.511922,2022-01-21 15:13:37.511922,administrator,administrator
152,Namibia,NAM,NA,516,264,Windhoek,NAD,$,.na,Namibia,Africa,Southern Africa,-22,17,ğŸ‡³ğŸ‡¦,U+1F1F3 U+1F1E6,2022-01-21 15:13:37.511920,2022-01-21 15:13:37.511920,administrator,administrator
153,Nauru,NRU,NR,520,674,Yaren,AUD,$,.nr,Nauru,Oceania,Micronesia,-0.53333333,166.91666666,ğŸ‡³ğŸ‡·,U+1F1F3 U+1F1F7,2022-01-21 15:13:37.511917,2022-01-21 15:13:37.511917,administrator,administrator
154,Nepal,NPL,NP,524,977,Kathmandu,NPR,â‚¨,.np,à¤¨à¤ªà¤²,Asia,Southern Asia,28,84,ğŸ‡³ğŸ‡µ,U+1F1F3 U+1F1F5,2022-01-21 15:13:37.511914,2022-01-21 15:13:37.511914,administrator,administrator
155,"Bonaire, Sint Eustatius and Saba",BES,BQ,535,599,Kralendijk,USD,$,.an,Caribisch Nederland,Americas,Caribbean,12.15,-68.266667,ğŸ‡§ğŸ‡¶,U+1F1E7 U+1F1F6,2022-01-21 15:13:37.512302,2022-01-21 15:13:37.512302,administrator,administrator
156,Netherlands,NLD,NL,528,31,Amsterdam,EUR,â‚¬,.nl,Nederland,Europe,Western Europe,52.5,5.75,ğŸ‡³ğŸ‡±,U+1F1F3 U+1F1F1,2022-01-21 15:13:37.511897,2022-01-21 15:13:37.511897,administrator,administrator
157,New Caledonia,NCL,NC,540,687,Noumea,XPF,â‚£,.nc,Nouvelle-CalÃ©donie,Oceania,Melanesia,-21.5,165.5,ğŸ‡³ğŸ‡¨,U+1F1F3 U+1F1E8,2022-01-21 15:13:37.511894,2022-01-21 15:13:37.511894,administrator,administrator
158,New Zealand,NZL,NZ,554,64,Wellington,NZD,$,.nz,New Zealand,Oceania,Australia and New Zealand,-41,174,ğŸ‡³ğŸ‡¿,U+1F1F3 U+1F1FF,2022-01-21 15:13:37.511891,2022-01-21 15:13:37.511891,administrator,administrator
159,Nicaragua,NIC,NI,558,505,Managua,NIO,C$,.ni,Nicaragua,Americas,Central America,13,-85,ğŸ‡³ğŸ‡®,U+1F1F3 U+1F1EE,2022-01-21 15:13:37.511888,2022-01-21 15:13:37.511888,administrator,administrator
160,Niger,NER,NE,562,227,Niamey,XOF,CFA,.ne,Niger,Africa,Western Africa,16,8,ğŸ‡³ğŸ‡ª,U+1F1F3 U+1F1EA,2022-01-21 15:13:37.511885,2022-01-21 15:13:37.511886,administrator,administrator
161,Nigeria,NGA,NG,566,234,Abuja,NGN,â‚¦,.ng,Nigeria,Africa,Western Africa,10,8,ğŸ‡³ğŸ‡¬,U+1F1F3 U+1F1EC,2022-01-21 15:13:37.511883,2022-01-21 15:13:37.511883,administrator,administrator
162,Niue,NIU,NU,570,683,Alofi,NZD,$,.nu,NiuÄ“,Oceania,Polynesia,-19.03333333,-169.86666666,ğŸ‡³ğŸ‡º,U+1F1F3 U+1F1FA,2022-01-21 15:13:37.511880,2022-01-21 15:13:37.511880,administrator,administrator
163,Norfolk Island,NFK,NF,574,672,Kingston,AUD,$,.nf,Norfolk Island,Oceania,Australia and New Zealand,-29.03333333,167.95,ğŸ‡³ğŸ‡«,U+1F1F3 U+1F1EB,2022-01-21 15:13:37.511877,2022-01-21 15:13:37.511877,administrator,administrator
164,Northern Mariana Islands,MNP,MP,580,+1-670,Saipan,USD,$,.mp,Northern Mariana Islands,Oceania,Micronesia,15.2,145.75,ğŸ‡²ğŸ‡µ,U+1F1F2 U+1F1F5,2022-01-21 15:13:37.511872,2022-01-21 15:13:37.511872,administrator,administrator
165,Norway,NOR,NO,578,47,Oslo,NOK,kr,.no,Norge,Europe,Northern Europe,62,10,ğŸ‡³ğŸ‡´,U+1F1F3 U+1F1F4,2022-01-21 15:13:37.511869,2022-01-21 15:13:37.511869,administrator,administrator
166,Oman,OMN,OM,512,968,Muscat,OMR,.Ø¹.Ø±,.om,Ø¹Ù…Ø§Ù†,Asia,Western Asia,21,57,ğŸ‡´ğŸ‡²,U+1F1F4 U+1F1F2,2022-01-21 15:13:37.511866,2022-01-21 15:13:37.511866,administrator,administrator
167,Pakistan,PAK,PK,586,92,Islamabad,PKR,â‚¨,.pk,Pakistan,Asia,Southern Asia,30,70,ğŸ‡µğŸ‡°,U+1F1F5 U+1F1F0,2022-01-21 15:13:37.511863,2022-01-21 15:13:37.511863,administrator,administrator
168,Palau,PLW,PW,585,680,Melekeok,USD,$,.pw,Palau,Oceania,Micronesia,7.5,134.5,ğŸ‡µğŸ‡¼,U+1F1F5 U+1F1FC,2022-01-21 15:13:37.511860,2022-01-21 15:13:37.511860,administrator,administrator
169,Palestinian Territory Occupied,PSE,PS,275,970,East Jerusalem,ILS,â‚ª,.ps,ÙÙ„Ø³Ø·ÙŠÙ†,Asia,Western Asia,31.9,35.2,ğŸ‡µğŸ‡¸,U+1F1F5 U+1F1F8,2022-01-21 15:13:37.511857,2022-01-21 15:13:37.511857,administrator,administrator
170,Panama,PAN,PA,591,507,Panama City,PAB,B/.,.pa,PanamÃ¡,Americas,Central America,9,-80,ğŸ‡µğŸ‡¦,U+1F1F5 U+1F1E6,2022-01-21 15:13:37.511854,2022-01-21 15:13:37.511854,administrator,administrator
171,Papua new Guinea,PNG,PG,598,675,Port Moresby,PGK,K,.pg,Papua Niugini,Oceania,Melanesia,-6,147,ğŸ‡µğŸ‡¬,U+1F1F5 U+1F1EC,2022-01-21 15:13:37.511851,2022-01-21 15:13:37.511851,administrator,administrator
172,Paraguay,PRY,PY,600,595,Asuncion,PYG,â‚²,.py,Paraguay,Americas,South America,-23,-58,ğŸ‡µğŸ‡¾,U+1F1F5 U+1F1FE,2022-01-21 15:13:37.511848,2022-01-21 15:13:37.511848,administrator,administrator
173,Peru,PER,PE,604,51,Lima,PEN,S/.,.pe,PerÃº,Americas,South America,-10,-76,ğŸ‡µğŸ‡ª,U+1F1F5 U+1F1EA,2022-01-21 15:13:37.511845,2022-01-21 15:13:37.511845,administrator,administrator
174,Philippines,PHL,PH,608,63,Manila,PHP,â‚±,.ph,Pilipinas,Asia,South-Eastern Asia,13,122,ğŸ‡µğŸ‡­,U+1F1F5 U+1F1ED,2022-01-21 15:13:37.511841,2022-01-21 15:13:37.511841,administrator,administrator
175,Pitcairn Island,PCN,PN,612,870,Adamstown,NZD,$,.pn,Pitcairn Islands,Oceania,Polynesia,-25.06666666,-130.1,ğŸ‡µğŸ‡³,U+1F1F5 U+1F1F3,2022-01-21 15:13:37.511838,2022-01-21 15:13:37.511838,administrator,administrator
176,Poland,POL,PL,616,48,Warsaw,PLN,zÅ‚,.pl,Polska,Europe,Eastern Europe,52,20,ğŸ‡µğŸ‡±,U+1F1F5 U+1F1F1,2022-01-21 15:13:37.511835,2022-01-21 15:13:37.511836,administrator,administrator
177,Portugal,PRT,PT,620,351,Lisbon,EUR,â‚¬,.pt,Portugal,Europe,Southern Europe,39.5,-8,ğŸ‡µğŸ‡¹,U+1F1F5 U+1F1F9,2022-01-21 15:13:37.511833,2022-01-21 15:13:37.511833,administrator,administrator
178,Puerto Rico,PRI,PR,630,+1-787 and 1-939,San Juan,USD,$,.pr,Puerto Rico,Americas,Caribbean,18.25,-66.5,ğŸ‡µğŸ‡·,U+1F1F5 U+1F1F7,2022-01-21 15:13:37.511829,2022-01-21 15:13:37.511829,administrator,administrator
179,Qatar,QAT,QA,634,974,Doha,QAR,Ù‚.Ø±,.qa,Ù‚Ø·Ø±,Asia,Western Asia,25.5,51.25,ğŸ‡¶ğŸ‡¦,U+1F1F6 U+1F1E6,2022-01-21 15:13:37.511826,2022-01-21 15:13:37.511826,administrator,administrator
180,Reunion,REU,RE,638,262,Saint-Denis,EUR,â‚¬,.re,La RÃ©union,Africa,Eastern Africa,-21.15,55.5,ğŸ‡·ğŸ‡ª,U+1F1F7 U+1F1EA,2022-01-21 15:13:37.511824,2022-01-21 15:13:37.511824,administrator,administrator
181,Romania,ROU,RO,642,40,Bucharest,RON,lei,.ro,RomÃ¢nia,Europe,Eastern Europe,46,25,ğŸ‡·ğŸ‡´,U+1F1F7 U+1F1F4,2022-01-21 15:13:37.511821,2022-01-21 15:13:37.511821,administrator,administrator
182,Russia,RUS,RU,643,7,Moscow,RUB,â‚½,.ru,Ğ Ğ¾ÑÑĞ¸Ñ,Europe,Eastern Europe,60,100,ğŸ‡·ğŸ‡º,U+1F1F7 U+1F1FA,2022-01-21 15:13:37.511818,2022-01-21 15:13:37.511818,administrator,administrator
183,Rwanda,RWA,RW,646,250,Kigali,RWF,FRw,.rw,Rwanda,Africa,Eastern Africa,-2,30,ğŸ‡·ğŸ‡¼,U+1F1F7 U+1F1FC,2022-01-21 15:13:37.511808,2022-01-21 15:13:37.511808,administrator,administrator
184,Saint Helena,SHN,SH,654,290,Jamestown,SHP,Â£,.sh,Saint Helena,Africa,Western Africa,-15.95,-5.7,ğŸ‡¸ğŸ‡­,U+1F1F8 U+1F1ED,2022-01-21 15:13:37.511805,2022-01-21 15:13:37.511805,administrator,administrator
185,Saint Kitts And Nevis,KNA,KN,659,+1-869,Basseterre,XCD,$,.kn,Saint Kitts and Nevis,Americas,Caribbean,17.33333333,-62.75,ğŸ‡°ğŸ‡³,U+1F1F0 U+1F1F3,2022-01-21 15:13:37.511802,2022-01-21 15:13:37.511802,administrator,administrator
186,Saint Lucia,LCA,LC,662,+1-758,Castries,XCD,$,.lc,Saint Lucia,Americas,Caribbean,13.88333333,-60.96666666,ğŸ‡±ğŸ‡¨,U+1F1F1 U+1F1E8,2022-01-21 15:13:37.511799,2022-01-21 15:13:37.511799,administrator,administrator
187,Saint Pierre and Miquelon,SPM,PM,666,508,Saint-Pierre,EUR,â‚¬,.pm,Saint-Pierre-et-Miquelon,Americas,Northern America,46.83333333,-56.33333333,ğŸ‡µğŸ‡²,U+1F1F5 U+1F1F2,2022-01-21 15:13:37.511797,2022-01-21 15:13:37.511797,administrator,administrator
188,Saint Vincent And The Grenadines,VCT,VC,670,+1-784,Kingstown,XCD,$,.vc,Saint Vincent and the Grenadines,Americas,Caribbean,13.25,-61.2,ğŸ‡»ğŸ‡¨,U+1F1FB U+1F1E8,2022-01-21 15:13:37.511794,2022-01-21 15:13:37.511794,administrator,administrator
189,Saint-Barthelemy,BLM,BL,652,590,Gustavia,EUR,â‚¬,.bl,Saint-BarthÃ©lemy,Americas,Caribbean,18.5,-63.41666666,ğŸ‡§ğŸ‡±,U+1F1E7 U+1F1F1,2022-01-21 15:13:37.511791,2022-01-21 15:13:37.511791,administrator,administrator
190,Saint-Martin (French part),MAF,MF,663,590,Marigot,EUR,â‚¬,.mf,Saint-Martin,Americas,Caribbean,18.08333333,-63.95,ğŸ‡²ğŸ‡«,U+1F1F2 U+1F1EB,2022-01-21 15:13:37.511788,2022-01-21 15:13:37.511788,administrator,administrator
191,Samoa,WSM,WS,882,685,Apia,WST,SAT,.ws,Samoa,Oceania,Polynesia,-13.58333333,-172.33333333,ğŸ‡¼ğŸ‡¸,U+1F1FC U+1F1F8,2022-01-21 15:13:37.511785,2022-01-21 15:13:37.511786,administrator,administrator
192,San Marino,SMR,SM,674,378,San Marino,EUR,â‚¬,.sm,San Marino,Europe,Southern Europe,43.76666666,12.41666666,ğŸ‡¸ğŸ‡²,U+1F1F8 U+1F1F2,2022-01-21 15:13:37.511782,2022-01-21 15:13:37.511783,administrator,administrator
193,Sao Tome and Principe,STP,ST,678,239,Sao Tome,STD,Db,.st,SÃ£o TomÃ© e PrÃ­ncipe,Africa,Middle Africa,1,7,ğŸ‡¸ğŸ‡¹,U+1F1F8 U+1F1F9,2022-01-21 15:13:37.511780,2022-01-21 15:13:37.511780,administrator,administrator
194,Saudi Arabia,SAU,SA,682,966,Riyadh,SAR,ï·¼,.sa,Ø§Ù„Ø¹Ø±Ø¨ÙŠØ© Ø§Ù„Ø³Ø¹ÙˆØ¯ÙŠØ©,Asia,Western Asia,25,45,ğŸ‡¸ğŸ‡¦,U+1F1F8 U+1F1E6,2022-01-21 15:13:37.511777,2022-01-21 15:13:37.511777,administrator,administrator
195,Senegal,SEN,SN,686,221,Dakar,XOF,CFA,.sn,SÃ©nÃ©gal,Africa,Western Africa,14,-14,ğŸ‡¸ğŸ‡³,U+1F1F8 U+1F1F3,2022-01-21 15:13:37.511774,2022-01-21 15:13:37.511774,administrator,administrator
196,Serbia,SRB,RS,688,381,Belgrade,RSD,din,.rs,Ğ¡Ñ€Ğ±Ğ¸Ñ˜Ğ°,Europe,Southern Europe,44,21,ğŸ‡·ğŸ‡¸,U+1F1F7 U+1F1F8,2022-01-21 15:13:37.511771,2022-01-21 15:13:37.511771,administrator,administrator
197,Seychelles,SYC,SC,690,248,Victoria,SCR,SRe,.sc,Seychelles,Africa,Eastern Africa,-4.58333333,55.66666666,ğŸ‡¸ğŸ‡¨,U+1F1F8 U+1F1E8,2022-01-21 15:13:37.511768,2022-01-21 15:13:37.511768,administrator,administrator
198,Sierra Leone,SLE,SL,694,232,Freetown,SLL,Le,.sl,Sierra Leone,Africa,Western Africa,8.5,-11.5,ğŸ‡¸ğŸ‡±,U+1F1F8 U+1F1F1,2022-01-21 15:13:37.511765,2022-01-21 15:13:37.511766,administrator,administrator
199,Singapore,SGP,SG,702,65,Singapur,SGD,$,.sg,Singapore,Asia,South-Eastern Asia,1.36666666,103.8,ğŸ‡¸ğŸ‡¬,U+1F1F8 U+1F1EC,2022-01-21 15:13:37.511763,2022-01-21 15:13:37.511763,administrator,administrator
200,Slovakia,SVK,SK,703,421,Bratislava,EUR,â‚¬,.sk,Slovensko,Europe,Eastern Europe,48.66666666,19.5,ğŸ‡¸ğŸ‡°,U+1F1F8 U+1F1F0,2022-01-21 15:13:37.511758,2022-01-21 15:13:37.511758,administrator,administrator
201,Slovenia,SVN,SI,705,386,Ljubljana,EUR,â‚¬,.si,Slovenija,Europe,Southern Europe,46.11666666,14.81666666,ğŸ‡¸ğŸ‡®,U+1F1F8 U+1F1EE,2022-01-21 15:13:37.511755,2022-01-21 15:13:37.511755,administrator,administrator
202,Solomon Islands,SLB,SB,90,677,Honiara,SBD,Si$,.sb,Solomon Islands,Oceania,Melanesia,-8,159,ğŸ‡¸ğŸ‡§,U+1F1F8 U+1F1E7,2022-01-21 15:13:37.511752,2022-01-21 15:13:37.511752,administrator,administrator
203,Somalia,SOM,SO,706,252,Mogadishu,SOS,Sh.so.,.so,Soomaaliya,Africa,Eastern Africa,10,49,ğŸ‡¸ğŸ‡´,U+1F1F8 U+1F1F4,2022-01-21 15:13:37.511749,2022-01-21 15:13:37.511749,administrator,administrator
204,South Africa,ZAF,ZA,710,27,Pretoria,ZAR,R,.za,South Africa,Africa,Southern Africa,-29,24,ğŸ‡¿ğŸ‡¦,U+1F1FF U+1F1E6,2022-01-21 15:13:37.511747,2022-01-21 15:13:37.511747,administrator,administrator
205,South Georgia,SGS,GS,239,500,Grytviken,GBP,Â£,.gs,South Georgia,Americas,South America,-54.5,-37,ğŸ‡¬ğŸ‡¸,U+1F1EC U+1F1F8,2022-01-21 15:13:37.511744,2022-01-21 15:13:37.511744,administrator,administrator
206,South Sudan,SSD,SS,728,211,Juba,SSP,Â£,.ss,South Sudan,Africa,Middle Africa,7,30,ğŸ‡¸ğŸ‡¸,U+1F1F8 U+1F1F8,2022-01-21 15:13:37.511738,2022-01-21 15:13:37.511738,administrator,administrator
207,Spain,ESP,ES,724,34,Madrid,EUR,â‚¬,.es,EspaÃ±a,Europe,Southern Europe,40,-4,ğŸ‡ªğŸ‡¸,U+1F1EA U+1F1F8,2022-01-21 15:13:37.511736,2022-01-21 15:13:37.511736,administrator,administrator
208,Sri Lanka,LKA,LK,144,94,Colombo,LKR,Rs,.lk,Å›rÄ« laá¹ƒkÄva,Asia,Southern Asia,7,81,ğŸ‡±ğŸ‡°,U+1F1F1 U+1F1F0,2022-01-21 15:13:37.511732,2022-01-21 15:13:37.511733,administrator,administrator
209,Sudan,SDN,SD,729,249,Khartoum,SDG,.Ø³.Ø¬,.sd,Ø§Ù„Ø³ÙˆØ¯Ø§Ù†,Africa,Northern Africa,15,30,ğŸ‡¸ğŸ‡©,U+1F1F8 U+1F1E9,2022-01-21 15:13:37.511730,2022-01-21 15:13:37.511730,administrator,administrator
210,Suriname,SUR,SR,740,597,Paramaribo,SRD,$,.sr,Suriname,Americas,South America,4,-56,ğŸ‡¸ğŸ‡·,U+1F1F8 U+1F1F7,2022-01-21 15:13:37.511727,2022-01-21 15:13:37.511727,administrator,administrator
211,Svalbard And Jan Mayen Islands,SJM,SJ,744,47,Longyearbyen,NOK,kr,.sj,Svalbard og Jan Mayen,Europe,Northern Europe,78,20,ğŸ‡¸ğŸ‡¯,U+1F1F8 U+1F1EF,2022-01-21 15:13:37.511724,2022-01-21 15:13:37.511725,administrator,administrator
212,Swaziland,SWZ,SZ,748,268,Mbabane,SZL,E,.sz,Swaziland,Africa,Southern Africa,-26.5,31.5,ğŸ‡¸ğŸ‡¿,U+1F1F8 U+1F1FF,2022-01-21 15:13:37.511716,2022-01-21 15:13:37.511716,administrator,administrator
213,Sweden,SWE,SE,752,46,Stockholm,SEK,kr,.se,Sverige,Europe,Northern Europe,62,15,ğŸ‡¸ğŸ‡ª,U+1F1F8 U+1F1EA,2022-01-21 15:13:37.511714,2022-01-21 15:13:37.511714,administrator,administrator
214,Switzerland,CHE,CH,756,41,Bern,CHF,CHf,.ch,Schweiz,Europe,Western Europe,47,8,ğŸ‡¨ğŸ‡­,U+1F1E8 U+1F1ED,2022-01-21 15:13:37.511711,2022-01-21 15:13:37.511711,administrator,administrator
215,Syria,SYR,SY,760,963,Damascus,SYP,LS,.sy,Ø³ÙˆØ±ÙŠØ§,Asia,Western Asia,35,38,ğŸ‡¸ğŸ‡¾,U+1F1F8 U+1F1FE,2022-01-21 15:13:37.511708,2022-01-21 15:13:37.511708,administrator,administrator
216,Taiwan,TWN,TW,158,886,Taipei,TWD,$,.tw,è‡ºç£,Asia,Eastern Asia,23.5,121,ğŸ‡¹ğŸ‡¼,U+1F1F9 U+1F1FC,2022-01-21 15:13:37.511705,2022-01-21 15:13:37.511706,administrator,administrator
217,Tajikistan,TJK,TJ,762,992,Dushanbe,TJS,SM,.tj,Ğ¢Ğ¾Ò·Ğ¸ĞºĞ¸ÑÑ‚Ğ¾Ğ½,Asia,Central Asia,39,71,ğŸ‡¹ğŸ‡¯,U+1F1F9 U+1F1EF,2022-01-21 15:13:37.511703,2022-01-21 15:13:37.511703,administrator,administrator
218,Tanzania,TZA,TZ,834,255,Dodoma,TZS,TSh,.tz,Tanzania,Africa,Eastern Africa,-6,35,ğŸ‡¹ğŸ‡¿,U+1F1F9 U+1F1FF,2022-01-21 15:13:37.511700,2022-01-21 15:13:37.511700,administrator,administrator
219,Thailand,THA,TH,764,66,Bangkok,THB,à¸¿,.th,à¸›à¸£à¸°à¹€à¸—à¸¨à¹„à¸—à¸¢,Asia,South-Eastern Asia,15,100,ğŸ‡¹ğŸ‡­,U+1F1F9 U+1F1ED,2022-01-21 15:13:37.511698,2022-01-21 15:13:37.511698,administrator,administrator
220,Togo,TGO,TG,768,228,Lome,XOF,CFA,.tg,Togo,Africa,Western Africa,8,1.16666666,ğŸ‡¹ğŸ‡¬,U+1F1F9 U+1F1EC,2022-01-21 15:13:37.511695,2022-01-21 15:13:37.511695,administrator,administrator
221,Tokelau,TKL,TK,772,690,,NZD,$,.tk,Tokelau,Oceania,Polynesia,-9,-172,ğŸ‡¹ğŸ‡°,U+1F1F9 U+1F1F0,2022-01-21 15:13:37.511692,2022-01-21 15:13:37.511692,administrator,administrator
222,Tonga,TON,TO,776,676,Nuku'alofa,TOP,$,.to,Tonga,Oceania,Polynesia,-20,-175,ğŸ‡¹ğŸ‡´,U+1F1F9 U+1F1F4,2022-01-21 15:13:37.511690,2022-01-21 15:13:37.511690,administrator,administrator
223,Trinidad And Tobago,TTO,TT,780,+1-868,Port of Spain,TTD,$,.tt,Trinidad and Tobago,Americas,Caribbean,11,-61,ğŸ‡¹ğŸ‡¹,U+1F1F9 U+1F1F9,2022-01-21 15:13:37.511687,2022-01-21 15:13:37.511687,administrator,administrator
224,Tunisia,TUN,TN,788,216,Tunis,TND,Øª.Ø¯,.tn,ØªÙˆÙ†Ø³,Africa,Northern Africa,34,9,ğŸ‡¹ğŸ‡³,U+1F1F9 U+1F1F3,2022-01-21 15:13:37.511685,2022-01-21 15:13:37.511685,administrator,administrator
225,Turkey,TUR,TR,792,90,Ankara,TRY,â‚º,.tr,TÃ¼rkiye,Asia,Western Asia,39,35,ğŸ‡¹ğŸ‡·,U+1F1F9 U+1F1F7,2022-01-21 15:13:37.511682,2022-01-21 15:13:37.511682,administrator,administrator
226,Turkmenistan,TKM,TM,795,993,Ashgabat,TMT,T,.tm,TÃ¼rkmenistan,Asia,Central Asia,40,60,ğŸ‡¹ğŸ‡²,U+1F1F9 U+1F1F2,2022-01-21 15:13:37.511679,2022-01-21 15:13:37.511680,administrator,administrator
227,Turks And Caicos Islands,TCA,TC,796,+1-649,Cockburn Town,USD,$,.tc,Turks and Caicos Islands,Americas,Caribbean,21.75,-71.58333333,ğŸ‡¹ğŸ‡¨,U+1F1F9 U+1F1E8,2022-01-21 15:13:37.511677,2022-01-21 15:13:37.511677,administrator,administrator
228,Tuvalu,TUV,TV,798,688,Funafuti,AUD,$,.tv,Tuvalu,Oceania,Polynesia,-8,178,ğŸ‡¹ğŸ‡»,U+1F1F9 U+1F1FB,2022-01-21 15:13:37.511674,2022-01-21 15:13:37.511674,administrator,administrator
229,Uganda,UGA,UG,800,256,Kampala,UGX,USh,.ug,Uganda,Africa,Eastern Africa,1,32,ğŸ‡ºğŸ‡¬,U+1F1FA U+1F1EC,2022-01-21 15:13:37.511672,2022-01-21 15:13:37.511672,administrator,administrator
230,Ukraine,UKR,UA,804,380,Kiev,UAH,â‚´,.ua,Ğ£ĞºÑ€Ğ°Ñ—Ğ½Ğ°,Europe,Eastern Europe,49,32,ğŸ‡ºğŸ‡¦,U+1F1FA U+1F1E6,2022-01-21 15:13:37.511669,2022-01-21 15:13:37.511669,administrator,administrator
231,United Arab Emirates,ARE,AE,784,971,Abu Dhabi,AED,Ø¥.Ø¯,.ae,Ø¯ÙˆÙ„Ø© Ø§Ù„Ø¥Ù…Ø§Ø±Ø§Øª Ø§Ù„Ø¹Ø±Ø¨ÙŠØ© Ø§Ù„Ù…ØªØ­Ø¯Ø©,Asia,Western Asia,24,54,ğŸ‡¦ğŸ‡ª,U+1F1E6 U+1F1EA,2022-01-21 15:13:37.511665,2022-01-21 15:13:37.511665,administrator,administrator
232,United Kingdom,GBR,GB,826,44,London,GBP,Â£,.uk,United Kingdom,Europe,Northern Europe,54,-2,ğŸ‡¬ğŸ‡§,U+1F1EC U+1F1E7,2022-01-21 15:13:37.511662,2022-01-21 15:13:37.511663,administrator,administrator
233,United States,USA,US,840,1,Washington,USD,$,.us,United States,Americas,Northern America,38,-97,ğŸ‡ºğŸ‡¸,U+1F1FA U+1F1F8,2022-01-21 15:13:37.511659,2022-01-21 15:13:37.511660,administrator,administrator
234,United States Minor Outlying Islands,UMI,UM,581,1,,USD,$,.us,United States Minor Outlying Islands,Americas,Northern America,0,0,ğŸ‡ºğŸ‡²,U+1F1FA U+1F1F2,2022-01-21 15:13:37.511648,2022-01-21 15:13:37.511648,administrator,administrator
235,Uruguay,URY,UY,858,598,Montevideo,UYU,$,.uy,Uruguay,Americas,South America,-33,-56,ğŸ‡ºğŸ‡¾,U+1F1FA U+1F1FE,2022-01-21 15:13:37.511645,2022-01-21 15:13:37.511645,administrator,administrator
236,Uzbekistan,UZB,UZ,860,998,Tashkent,UZS,Ğ»Ğ²,.uz,Oâ€˜zbekiston,Asia,Central Asia,41,64,ğŸ‡ºğŸ‡¿,U+1F1FA U+1F1FF,2022-01-21 15:13:37.511642,2022-01-21 15:13:37.511642,administrator,administrator
237,Vanuatu,VUT,VU,548,678,Port Vila,VUV,VT,.vu,Vanuatu,Oceania,Melanesia,-16,167,ğŸ‡»ğŸ‡º,U+1F1FB U+1F1FA,2022-01-21 15:13:37.511632,2022-01-21 15:13:37.511638,administrator,administrator
238,Vatican City State (Holy See),VAT,VA,336,379,Vatican City,EUR,â‚¬,.va,Vaticano,Europe,Southern Europe,41.9,12.45,ğŸ‡»ğŸ‡¦,U+1F1FB U+1F1E6,2022-01-21 15:13:37.512397,2022-01-21 15:13:37.512397,administrator,administrator
239,Venezuela,VEN,VE,862,58,Caracas,VEF,Bs,.ve,Venezuela,Americas,South America,8,-66,ğŸ‡»ğŸ‡ª,U+1F1FB U+1F1EA,2022-01-21 15:13:37.512399,2022-01-21 15:13:37.512400,administrator,administrator
240,Vietnam,VNM,VN,704,84,Hanoi,VND,â‚«,.vn,Viá»‡t Nam,Asia,South-Eastern Asia,16.16666666,107.83333333,ğŸ‡»ğŸ‡³,U+1F1FB U+1F1F3,2022-01-21 15:13:37.512402,2022-01-21 15:13:37.512402,administrator,administrator
241,Virgin Islands (British),VGB,VG,92,+1-284,Road Town,USD,$,.vg,British Virgin Islands,Americas,Caribbean,18.431383,-64.62305,ğŸ‡»ğŸ‡¬,U+1F1FB U+1F1EC,2022-01-21 15:13:37.512405,2022-01-21 15:13:37.512405,administrator,administrator
242,Virgin Islands (US),VIR,VI,850,+1-340,Charlotte Amalie,USD,$,.vi,United States Virgin Islands,Americas,Caribbean,18.34,-64.93,ğŸ‡»ğŸ‡®,U+1F1FB U+1F1EE,2022-01-21 15:13:37.512407,2022-01-21 15:13:37.512407,administrator,administrator
243,Wallis And Futuna Islands,WLF,WF,876,681,Mata Utu,XPF,â‚£,.wf,Wallis et Futuna,Oceania,Polynesia,-13.3,-176.2,ğŸ‡¼ğŸ‡«,U+1F1FC U+1F1EB,2022-01-21 15:13:37.512410,2022-01-21 15:13:37.512410,administrator,administrator
244,Western Sahara,ESH,EH,732,212,El-Aaiun,MAD,MAD,.eh,Ø§Ù„ØµØ­Ø±Ø§Ø¡ Ø§Ù„ØºØ±Ø¨ÙŠØ©,Africa,Northern Africa,24.5,-13,ğŸ‡ªğŸ‡­,U+1F1EA U+1F1ED,2022-01-21 15:13:37.512412,2022-01-21 15:13:37.512412,administrator,administrator
245,Yemen,YEM,YE,887,967,Sanaa,YER,ï·¼,.ye,Ø§Ù„ÙŠÙÙ…ÙÙ†,Asia,Western Asia,15,48,ğŸ‡¾ğŸ‡ª,U+1F1FE U+1F1EA,2022-01-21 15:13:37.512415,2022-01-21 15:13:37.512416,administrator,administrator
246,Zambia,ZMB,ZM,894,260,Lusaka,ZMW,ZK,.zm,Zambia,Africa,Eastern Africa,-15,30,ğŸ‡¿ğŸ‡²,U+1F1FF U+1F1F2,2022-01-21 15:13:37.512419,2022-01-21 15:13:37.512419,administrator,administrator
247,Zimbabwe,ZWE,ZW,716,263,Harare,ZWL,$,.zw,Zimbabwe,Africa,Eastern Africa,-20,30,ğŸ‡¿ğŸ‡¼,U+1F1FF U+1F1FC,2022-01-21 15:13:37.512421,2022-01-21 15:13:37.512422,administrator,administrator
248,Kosovo,XKX,XK,926,383,Pristina,EUR,â‚¬,.xk,Republika e KosovÃ«s,Europe,Eastern Europe,42.5612909,20.3403035,ğŸ‡½ğŸ‡°,U+1F1FD U+1F1F0,2022-01-21 15:13:37.512032,2022-01-21 15:13:37.512033,administrator,administrator
249,CuraÃ§ao,CUW,CW,531,599,Willemstad,ANG,Æ’,.cw,CuraÃ§ao,Americas,Caribbean,12.116667,-68.933333,ğŸ‡¨ğŸ‡¼,U+1F1E8 U+1F1FC,2022-01-21 15:13:37.512207,2022-01-21 15:13:37.512207,administrator,administrator
250,Sint Maarten (Dutch part),SXM,SX,534,1721,Philipsburg,ANG,Æ’,.sx,Sint Maarten,Americas,Caribbean,18.033333,-63.05,ğŸ‡¸ğŸ‡½,U+1F1F8 U+1F1FD,2022-01-21 15:13:37.511760,2022-01-21 15:13:37.511760,administrator,administrator
